{
    "/bg-gradient.webp": "nRUsjf6yG0qfgubGnLBBGnvnMN0zdeQuNqMhIjmu5PM=",
    "/hero-bg-logo.webp": "g68M4cq4jFp46JusPh81hXjvmTl9AL6058fjcXNorxA=",
    "/logo.webp": "Ar5IEryFn5c1XqARzlxddVW-7HpW5sjy+4a98N2Tv24=",
    "logos/logo-0.png": "gl+qIlJbBy1ozxT19lIzI3ZH+2TuxJHvPs1YberKe7E=",
    "logos/logo-1.png": "xvBZEi5OQ6JM32DbSvtC2k88m+ioKAhFrkruVzDSeoM=",
    "logos/logo-2.png": "wjel8Cu2VX5kBb3E3c2pIOrlxGmBXseET5RnjCJ0bo8=",
    "logos/logo-3.png": "uWMTRa2pbeLzZ4RCQUxcEtx2BQdb123n-Vhj9Ldp4AM=",
    "logos/logo-4.png": "D8E1xLmCkco2DlMSz8n0B-iRF9K4vlL+vwqCQJRXs08=",
    "logos/logo-5.png": "PdmU5KT8LdwrQ7ZdVabvyE-5b7do72FwFvqgDf0ywv4=",
    "logos/logo-6.png": "z5EpfrDYiIGLM3PRPSYzmOx2+2q9EaT+WuUkSyZ3A28=",
    "logos/logo-7.png": "Cjt2y0f163ocY0OuucVbs3dUxpz6TdKt0Zpo+lK2xp8=",
    "logos/logo-8.png": "f2oSBS2JKbYDsuqFmBMF7yJ2L-GhyhdKcauVK+aVKgg=",
    "/named-logo.webp": "9-lhQ34b+CViBIqFnlNeTmM9fh5GjD83FD5rbekwRkw=",
    "/newsletter.webp": "AVy7noOOgja0pWy80XSncon63D5ytL6sbo0Vu4WIBZw=",
    "services/brand-building.webp": "NCognhwrMQBEI+jNNGef6JkrxL-+75eArcL9RXcXTos=",
    "services/digital-marketing.webp": "GGsxie4f-DFCxmZvasAONkWeN0Wv8tIvd65+V65oveA=",
    "services/graphics-&-design.webp": "glfxb8mojtEiQaDzRjJFkQkqnFVEzxKN9vDbv8Lzmp8=",
    "services/programming-&-tech.webp": "QFsGwhVv7H7PYt8GCa4b3n4E8uUfcx-LG1mfyziDYpk=",
    "services/video-&-animation.webp": "7Vc6eHj2xQnbkIWSbsrq-edG7+pJOXGXTar60lJ+XvI=",
    "services/writing-&-translation.webp": "pc6nSf5R8wluWX-3YO1Pt2JYnem5GigA57cTarJ39IY="
}